# ----------------------------------------,,
 ,,
# Visitors Overview,,
# 20120208-20120309,,
# ----------------------------------------,,
,,
Day,Pageviews,Unique Visitors
08/02/2012,11,3
09/02/2012,48,8
10/02/2012,100,4
11/02/2012,8,3
12/02/2012,2,1
13/02/2012,170,5
14/02/2012,187,5
15/02/2012,347,8
16/02/2012,159,11
17/02/2012,3,2
18/02/2012,48,3
19/02/2012,379,6
20/02/2012,277,18
21/02/2012,34,5
22/02/2012,232,9
23/02/2012,163,12
24/02/2012,234,14
25/02/2012,22,6
26/02/2012,20,4
27/02/2012,185,8
28/02/2012,50,10
29/02/2012,147,7
01/03/2012,72,8
02/03/2012,140,5
03/03/2012,28,4
04/03/2012,6,4
05/03/2012,92,10
06/03/2012,51,5
07/03/2012,25,3
08/03/2012,264,9
09/03/2012,11,6
,"3,515",206
